model,score_val,eval_metric,pred_time_val,fit_time,pred_time_val_marginal,fit_time_marginal,stack_level,can_infer,fit_order
WeightedEnsemble_L2,0.6533637641849983,roc_auc,0.12944602966308594,78.25376319885254,0.0007288455963134766,0.09701061248779297,2,True,12
RandomForestEntr,0.6444277138469516,roc_auc,0.049158573150634766,4.580161809921265,0.049158573150634766,4.580161809921265,1,True,4
RandomForestGini,0.6430952214754393,roc_auc,0.03774523735046387,4.183462381362915,0.03774523735046387,4.183462381362915,1,True,3
LightGBMLarge,0.628069469097146,roc_auc,0.0049800872802734375,1.109236478805542,0.0049800872802734375,1.109236478805542,1,True,11
XGBoost,0.6260682375700525,roc_auc,0.008057832717895508,0.5975017547607422,0.008057832717895508,0.5975017547607422,1,True,9
ExtraTreesGini,0.622687770487226,roc_auc,0.037259817123413086,2.2023298740386963,0.037259817123413086,2.2023298740386963,1,True,6
CatBoost,0.6222938812548613,roc_auc,0.007035017013549805,5.80151891708374,0.007035017013549805,5.80151891708374,1,True,5
NeuralNetTorch,0.6217940408049301,roc_auc,0.018080949783325195,54.038562297821045,0.018080949783325195,54.038562297821045,1,True,10
NeuralNetFastAI,0.6210461498574021,roc_auc,0.029798269271850586,62.482372999191284,0.029798269271850586,62.482372999191284,1,True,8
LightGBM,0.619219426218065,roc_auc,0.0037496089935302734,0.6663086414337158,0.0037496089935302734,0.6663086414337158,1,True,2
LightGBMXT,0.6180352655511457,roc_auc,0.0039446353912353516,0.6299092769622803,0.0039446353912353516,0.6299092769622803,1,True,1
ExtraTreesEntr,0.6031516124528828,roc_auc,0.037988901138305664,2.053556203842163,0.037988901138305664,2.053556203842163,1,True,7
